link,,genre
"https://images-na.ssl-images-amazon.com/images/M/MV5BM2E5ZGVkMTUtMmUyOS00ZGNiLTk5ZGUtYjAyZTljZThiNTJiXkEyXkFqcGdeQXVyMTIyNzY1NzM@._V1_UY268_CR3,0,182,268_AL_.jpg",,Action
"https://images-na.ssl-images-amazon.com/images/M/MV5BM2ExMzgxZTAtNTFhMy00YTJkLThjZDctODlhMDNmZjA4Yzc2XkEyXkFqcGdeQXVyNTkzNDQ4ODc@._V1_UY268_CR9,0,182,268_AL_.jpg",,Action
"https://images-na.ssl-images-amazon.com/images/M/MV5BM2FjNDhmMzEtOTY4NC00ODFlLTllMWUtNDVlYTk4ZjhjNGFkXkEyXkFqcGdeQXVyMDMxMjQwMw@@._V1_UX182_CR0,0,182,268_AL_.jpg",,Action
"https://images-na.ssl-images-amazon.com/images/M/MV5BZWU1NDkyNGMtYWQ3Ni00OWM0LWI5OTItNzI5MDQ5NWFkMDFhXkEyXkFqcGdeQXVyODUyNjEwMw@@._V1_UX182_CR0,0,182,268_AL_.jpg",,Action
"https://images-na.ssl-images-amazon.com/images/M/MV5BM2FmZTk5NDUtMzU0Yy00NzgzLWI0Y2MtMjExOWJmMmFlNzk1L2ltYWdlL2ltYWdlXkEyXkFqcGdeQXVyMTQxNzMzNDI@._V1_UX182_CR0,0,182,268_AL_.jpg",,Action
"https://images-na.ssl-images-amazon.com/images/M/MV5BM2E4M2ZmOGMtNTk2Mi00M2E3LTljMmMtMTdjNDY1NTgzNTVlXkEyXkFqcGdeQXVyNjc1NTYyMjg@._V1_UX182_CR0,0,182,268_AL_.jpg",,Adventure
"https://images-na.ssl-images-amazon.com/images/M/MV5BM2JhYzMyOGYtOTJmNS00MmJiLWIxZTAtM2M2OGViNDkzOTc1L2ltYWdlXkEyXkFqcGdeQXVyNjQzNDI3NzY@._V1_UX182_CR0,0,182,268_AL_.jpg",,Adventure
"https://images-na.ssl-images-amazon.com/images/M/MV5BM2JkNzgzYzktMjk0NC00YzM3LWFhZTAtYjVlZjYwM2ZlN2I4XkEyXkFqcGdeQXVyMTQxNzMzNDI@._V1_UY268_CR4,0,182,268_AL_.jpg",,Adventure
"https://images-na.ssl-images-amazon.com/images/M/MV5BM2M0NmE3ZDYtNDBhNS00MjVmLWFiMzEtOWY4YzFkYzQ3ZWU2L2ltYWdlL2ltYWdlXkEyXkFqcGdeQXVyNjQzNDI3NzY@._V1_UX182_CR0,0,182,268_AL_.jpg",,Adventure
"https://images-na.ssl-images-amazon.com/images/M/MV5BM2MwMmIzNDEtNzQ0Ny00OGQ5LWFkMTktMWQwMjIxMzBkN2Q0L2ltYWdlL2ltYWdlXkEyXkFqcGdeQXVyMzA3Njg4MzY@._V1_UY268_CR3,0,182,268_AL_.jpg",,Adventure
"https://images-na.ssl-images-amazon.com/images/M/MV5BMTY0NjY1OTg2N15BMl5BanBnXkFtZTgwNDI4NjMzMTE@._V1_UY268_CR4,0,182,268_AL_.jpg",,Animation
"https://images-na.ssl-images-amazon.com/images/M/MV5BM2E0ZjhkM2YtZjNjMy00YjhiLWJlZDEtNDEwZThkM2VmMDU5L2ltYWdlL2ltYWdlXkEyXkFqcGdeQXVyMTQxNzMzNDI@._V1_UY268_CR1,0,182,268_AL_.jpg",,Animation
"https://images-na.ssl-images-amazon.com/images/M/MV5BM2E2ZTliMGQtY2U1NS00YjA0LTg3MTAtNTE1N2YyODRjMDllL2ltYWdlXkEyXkFqcGdeQXVyNTAyODkwOQ@@._V1_UX182_CR0,0,182,268_AL_.jpg",,Animation
"https://images-na.ssl-images-amazon.com/images/M/MV5BM2E5YmZjOTMtYmQzYS00YTkzLTk5OTgtNzlmODgyMGYwNzFjXkEyXkFqcGdeQXVyMzM4MjM0Nzg@._V1_UY268_CR3,0,182,268_AL_.jpg",,Animation
"https://images-na.ssl-images-amazon.com/images/M/MV5BMTY3MzI5ODAyMV5BMl5BanBnXkFtZTcwMzQ2OTMyMQ@@._V1_UY268_CR4,0,182,268_AL_.jpg",,Animation
"https://images-na.ssl-images-amazon.com/images/M/MV5BM2FiYWQzOGItZjBlNS00ZjMyLWEwZjAtYzMwYTlmNGI1MzZlXkEyXkFqcGdeQXVyNjc1NTYyMjg@._V1_UX182_CR0,0,182,268_AL_.jpg",,Biography
"https://images-na.ssl-images-amazon.com/images/M/MV5BM2JiNjE4YjItNTFhNS00ZmYyLWEwNzctNzJmYzNiYWYzOGM3XkEyXkFqcGdeQXVyNTAyODkwOQ@@._V1_UX182_CR0,0,182,268_AL_.jpg",,Biography
"https://images-na.ssl-images-amazon.com/images/M/MV5BM2JlN2NhYTgtNWY5ZC00ZjNjLThjZmQtMTJhOTg1ZjY4NGQzXkEyXkFqcGdeQXVyMjUyMTE3MTc@._V1_UY268_CR3,0,182,268_AL_.jpg",,Biography
"https://images-na.ssl-images-amazon.com/images/M/MV5BMGIzZmQ5MjMtMDlmNy00MDkzLTg1YWUtNzE0NWM0NTJjYmFiL2ltYWdlL2ltYWdlXkEyXkFqcGdeQXVyNjc1NTYyMjg@._V1_UX182_CR0,0,182,268_AL_.jpg",,Biography
"https://images-na.ssl-images-amazon.com/images/M/MV5BM2NlZWQxZjEtOWJjNy00NDZkLWJjMGMtMmNjYTJjZDg1M2EyXkEyXkFqcGdeQXVyNjc0MzMzNjA@._V1_UX182_CR0,0,182,268_AL_.jpg",,Biography
"https://images-na.ssl-images-amazon.com/images/M/MV5BM2E0NzAxODMtMjJlNC00Y2Q4LThjYTUtZjUwMTU3ZWU0OGM4XkEyXkFqcGdeQXVyMTQxNzMzNDI@._V1_UY268_CR4,0,182,268_AL_.jpg",,Comedy
"https://images-na.ssl-images-amazon.com/images/M/MV5BM2E2MTNiMTYtNzYyYS00NWM4LWI0NzctYjVmZjdmNjBlNDA1XkEyXkFqcGdeQXVyNDUzOTQ5MjY@._V1_UY268_CR1,0,182,268_AL_.jpg",,Comedy
"https://images-na.ssl-images-amazon.com/images/M/MV5BM2ExNzk3NzYtNDNkMC00N2NmLTllY2MtNWRjNDRlNDM5YmY0L2ltYWdlXkEyXkFqcGdeQXVyMTQxNzMzNDI@._V1_UY268_CR6,0,182,268_AL_.jpg",,Comedy
"https://images-na.ssl-images-amazon.com/images/M/MV5BM2EyZDc1ZWMtYzQ1MC00YWE1LTk4YmMtNDQ0NDc1NDk5MjZiXkEyXkFqcGdeQXVyNDA1NDA2NTk@._V1_UY268_CR4,0,182,268_AL_.jpg",,Comedy
"https://images-na.ssl-images-amazon.com/images/M/MV5BM2EzZDJlNzAtODc3ZC00ZDZiLTgxMjEtMjBmNjEzNWFiZWE0XkEyXkFqcGdeQXVyNjc0MzMzNjA@._V1_UX182_CR0,0,182,268_AL_.jpg",,Comedy
